{"loss": [0.9465714693069458, 0.5757423639297485, 0.4582914113998413, 0.40149980783462524, 0.36667975783348083, 0.34363317489624023, 0.32407647371292114, 0.311803936958313, 0.30112960934638977, 0.29102838039398193], "accuracy": [0.6411934552454283, 0.801684311838306, 0.840670115495669, 0.8583463666987488, 0.8696462945139557, 0.8768256737247353, 0.8829824350336862, 0.886889436958614, 0.8899542829643888, 0.8936507459095284]}