{
    "bc": {
        "Ms. Pac-Man": {
            "Top 1": {"mean": 275.31111111111113, "stdev": 18.417574135510826},
            "Top 2": {"mean": 514.6444444444444, "stdev": 84.01201192774847},
            "Top 3": {"mean": 469.17777777777775, "stdev": 37.512136307738736},
            "Top 5%": {"mean": 670.0111111111112, "stdev": 108.15731512391943},
            "Top 50%": {"mean": 723.9, "stdev": 36.351356386125545},
            "All": {"mean": 773.8444444444444, "stdev": 69.75874563517175},
            "Atari-HEAD": {"mean": 610.7111111111111, "stdev": 32.15822572035782}
        },
        "Video Pinball": {
            "Top 1": {"mean": 14673.58888888889, "stdev": 2790.6795304157517},
            "Top 2": {"mean": 19768.155555555557, "stdev": 3906.4419561843024},
            "Top 3": {"mean": 19059.533333333333, "stdev": 2536.8498637308253},
            "Top 5%": {"mean": 21715.01111111111, "stdev": 3964.3735470273696},
            "Top 50%": {"mean": 11659.211111111112, "stdev": 5896.649183536672},
            "All": {"mean": 5075.855555555556, "stdev": 6406.640777291892}
        },
        "Q*bert": {
            "Top 1": {"mean": 489.35555555555555, "stdev": 106.53244332822506},
            "Top 2": {"mean": 812.8, "stdev": 355.4218448235529},
            "Top 3": {"mean": 1141.3, "stdev": 237.7384346994262},
            "Top 5%": {"mean": 4956.555555555556, "stdev": 448.1835354868377},
            "Top 50%": {"mean": 620.5222222222222, "stdev": 82.80879135650952},
            "All": {"mean": 374.26666666666665, "stdev": 106.6125227166115}
        },
        "Montezuma's Revenge": {
            "Top 1": {"mean": 5.888888888888888, "stdev": 1.8954135676924424},
            "Top 2": {"mean": 6.0, "stdev": 5.783117190965824},
            "Top 3": {"mean": 113.22222222222221, "stdev": 71.53036133413973},
            "Top 5%": {"mean": 2.111111111111111, "stdev": 3.3719979789985595},
            "Top 50%": {"mean": 0.0, "stdev": 0.0},
            "All": {"mean": 0.0, "stdev": 0.0},
            "Atari-HEAD": {"mean": 1208.888888888889, "stdev": 64.58786722436801}
        },
        "Space Invaders": {
            "Top 1": {"mean": 167.45555555555555, "stdev": 6.051293097194029},
            "Top 2": {"mean": 193.14444444444445, "stdev": 2.82849259683853},
            "Top 3": {"mean": 180.42222222222222, "stdev": 7.895240009956308},
            "Top 5%": {"mean": 198.1222222222222, "stdev": 20.4221103853787},
            "Top 50%": {"mean": 154.27777777777777, "stdev": 46.78694420613669},
            "All": {"mean": 190.43333333333334, "stdev": 34.44357705001037},
            "Atari-HEAD": {"mean": 543.0333333333333, "stdev": 11.599281586948976}
        },
        "Health Gathering\n(ViZDoom)": {
            "All": {"mean": 8.6, "stdev": 0.4}
        },
        "Deathmatch\n(ViZDoom)": {
            "All": {"mean": 11.7, "stdev": 0.8}
        },
        "Downwell": {
            "All": {"mean": 81.2, "stdev": 14.509}
        },
        "Crypt of the\nNecroDancer": {
            "All": {"mean": 4.0, "stdev": 0.3}
        },
        "Super\nHexagon": {
            "All": {"mean": 4.607, "stdev": 0.525}
        },
        "Boson X": {
            "All": {"mean": 2.431, "stdev": 2.5394}
        },
        "Binding of Isaac:\nRebirth": {
            "All": {"mean": 463.433, "stdev": 64.916}
        },
        "BeamNG.drive": {
            "All": {"mean": 477.15, "stdev": 100.4312}
        }
    },

    "random": {
        "Ms. Pac-Man": {"mean": 173.3, "stdev": 78.6},
        "Video Pinball": {"mean": 22622.4, "stdev": 21032.5},
        "Q*bert": {"mean": 162.9, "stdev": 153.1},
        "Montezuma's Revenge": {"mean": 0.2, "stdev": 4.5},
        "Space Invaders": {"mean": 158.8, "stdev": 106.8},
        
        "Health Gathering\n(ViZDoom)": {"mean": 3.142, "stdev": 0.676},
        "Deathmatch\n(ViZDoom)": {"mean": 2.455, "stdev": 3.53},
        
        "Downwell": {"mean": 92, "stdev": 29.059},
        "Crypt of the\nNecroDancer": {"mean": 0, "stdev": 0},
        "Binding of Isaac:\nRebirth": {"mean": 287.6, "stdev": 28.222},
        "Super\nHexagon": {"mean": 3.259, "stdev": 0.664},
        "Boson X": {"mean": 0, "stdev": 0},
        "BeamNG.drive": {"mean": 27.76, "stdev": 36.8803}
    },

    "human": {
        "Ms. Pac-Man": {"mean": 12902.47, "stdev": 2430.15},
        "Video Pinball": {"mean": 34880.05, "stdev": 6194.29},
        "Q*bert": {"mean": 23464.03, "stdev": 3549.15},
        "Montezuma's Revenge": {"mean": 4740.21, "stdev": 1561.70},
        "Space Invaders": {"mean": 1775.86, "stdev": 325.47},
        
        "Health Gathering\n(ViZDoom)": {"mean": 20.86, "stdev": 0.03},
        "Deathmatch\n(ViZDoom)": {"mean": 93.13, "stdev": 54.37},
        
        "Downwell": {"mean": 1054.84, "stdev": 323.27},
        "Crypt of the\nNecroDancer": {"mean": 440.42, "stdev": 294.02},
        "Binding of Isaac:\nRebirth": {"mean": 2045.75, "stdev": 145.31},
        "Super\nHexagon": {"mean": 112.52, "stdev": 80.314},
        "Boson X": {"mean": 170.665, "stdev": 40.86},
        "BeamNG.drive": {"mean": 3525, "stdev": 35.355}
    },

    "human_atarigc_all": {
        "Ms. Pac-Man": {"mean": 3041.4, "stdev": 3208.6},
        "Video Pinball": {"mean": 9876.5, "stdev": 8694.6},
        "Q*bert": {"mean": 3440.1, "stdev": 6172.5},
        "Montezuma's Revenge": {"mean": 945.9, "stdev": 1340.6},
        "Space Invaders": {"mean": 635.4, "stdev": 429.5}
    },

    "delay_atarigc": {
        "Ms. Pac-Man": {
            "-100": {"mean": 789.9111111111112, "stdev": 21.61260777451008},
            "-10": {"mean": 777.9333333333333, "stdev": 39.33557903193719},
            "-5": {"mean": 761.7888888888889, "stdev": 49.19939400409698},
            "-2": {"mean": 777.7333333333333, "stdev": 57.092935931981415},
            "0": {"mean": 697.3444444444444, "stdev": 97.54417992395568},
            "2": {"mean": 811.6777777777778, "stdev": 106.39602296939343},
            "5": {"mean": 747.3444444444444, "stdev": 57.48431025876476},
            "10": {"mean": 779.0444444444445, "stdev": 28.362736377416343},
            "100": {"mean": 720.0777777777778, "stdev": 63.28565164161388}
        },
        "Video Pinball": {
            "-100": {"mean": 15664.477777777778, "stdev": 9376.294501699089},
            "-10": {"mean": 5902.822222222222, "stdev": 5722.936969611683},
            "-5": {"mean": 9765.333333333334, "stdev": 2855.412342085349},
            "-2": {"mean": 11985.566666666668, "stdev": 1522.8929097098212},
            "0": {"mean": 7926.7, "stdev": 7606.976720309675},
            "2": {"mean": 5224.433333333333, "stdev": 6570.430227415351},
            "5": {"mean": 2218.677777777778, "stdev": 2960.72285324103},
            "10": {"mean": 1.5666666666666667, "stdev": 2.7135462651912414},
            "100": {"mean": 1147.8444444444444, "stdev": 1988.1248969634494}
        },
        "Q*bert": {
            "-100": {"mean": 169.67777777777778, "stdev": 16.355132844779043},
            "-10": {"mean": 79.43333333333334, "stdev": 20.468376692948674},
            "-5": {"mean": 74.94444444444444, "stdev": 18.166401629055436},
            "-2": {"mean": 129.0888888888889, "stdev": 25.16791019738635},
            "0": {"mean": 352.18888888888887, "stdev": 52.55427177196429},
            "2": {"mean": 865.5111111111111, "stdev": 66.88747045376813},
            "5": {"mean": 2171.2666666666664, "stdev": 246.35504865944986},
            "10": {"mean": 2263.2555555555555, "stdev": 206.97630120199565},
            "100": {"mean": 373.6777777777778, "stdev": 4.529450951928477}
        },
        "Montezuma's Revenge": {
            "-100": {"mean": 0.0, "stdev": 0.0},
            "-10": {"mean": 0.1111111111111111, "stdev": 0.19245008972987526},
            "-5": {"mean": 0.0, "stdev": 0.0},
            "-2": {"mean": 0.0, "stdev": 0.0},
            "0": {"mean": 0.0, "stdev": 0.0},
            "2": {"mean": 150.88888888888889, "stdev": 61.81184112857102},